Pig-Default_0_0.jpeg,492,586,1003,959,Pig
Pig-Default_0_1.jpeg,507,576,976,959,Pig
Pig-Default_0_2.jpeg,532,568,944,959,Pig
Pig-Default_0_3.jpeg,566,563,910,959,Pig
Pig-Default_0_4.jpeg,610,560,872,959,Pig
Pig-Default_0_5.jpeg,659,561,833,959,Pig
Pig-Default_0_6.jpeg,678,562,878,959,Pig
Pig-Default_0_7.jpeg,642,560,929,959,Pig
Pig-Default_0_8.jpeg,606,561,971,959,Pig
Pig-Default_0_9.jpeg,573,564,1005,959,Pig
Pig-Default_0_10.jpeg,545,570,1029,959,Pig
Pig-Default_0_11.jpeg,520,579,1042,959,Pig
Pig-Default_0_12.jpeg,502,591,1046,959,Pig
Pig-Default_0_13.jpeg,490,604,1040,959,Pig
Pig-Default_0_14.jpeg,486,621,1043,937,Pig
Pig-Default_0_15.jpeg,490,633,1045,918,Pig
Pig-Default_0_16.jpeg,489,615,1038,947,Pig
Pig-Default_0_17.jpeg,486,600,1024,959,Pig
Pig-Default_0_18.jpeg,492,586,1003,959,Pig
Pig-Default_0_19.jpeg,507,576,976,959,Pig
Pig-Default_0_20.jpeg,532,568,944,959,Pig
Pig-Default_0_21.jpeg,566,563,910,959,Pig
Pig-Default_0_22.jpeg,610,560,872,959,Pig
Pig-Default_0_23.jpeg,659,561,833,959,Pig
Pig-Default_0_24.jpeg,678,562,878,959,Pig
Pig-Default_0_25.jpeg,642,560,929,959,Pig
Pig-Default_0_26.jpeg,606,561,971,959,Pig
Pig-Default_0_27.jpeg,573,564,1005,959,Pig
Pig-Default_0_28.jpeg,545,570,1029,959,Pig
Pig-Default_0_29.jpeg,520,579,1042,959,Pig
Pig-Default_0_30.jpeg,502,591,1046,959,Pig
Pig-Default_0_31.jpeg,490,604,1040,959,Pig
Pig-Default_0_32.jpeg,486,621,1043,937,Pig
Pig-Default_0_33.jpeg,490,633,1045,918,Pig
Pig-Default_0_34.jpeg,489,615,1038,947,Pig
Pig-Default_0_35.jpeg,486,600,1024,959,Pig
Pig-Default_1_0.jpeg,558,456,945,742,Pig
Pig-Default_1_1.jpeg,571,449,925,754,Pig
Pig-Default_1_2.jpeg,590,444,902,764,Pig
Pig-Default_1_3.jpeg,617,441,875,771,Pig
Pig-Default_1_4.jpeg,648,440,846,774,Pig
Pig-Default_1_5.jpeg,684,440,816,774,Pig
Pig-Default_1_6.jpeg,693,441,843,772,Pig
Pig-Default_1_7.jpeg,665,440,880,774,Pig
Pig-Default_1_8.jpeg,638,440,912,773,Pig
Pig-Default_1_9.jpeg,613,442,937,769,Pig
Pig-Default_1_10.jpeg,591,446,956,761,Pig
Pig-Default_1_11.jpeg,574,451,968,750,Pig
Pig-Default_1_12.jpeg,561,458,972,737,Pig
Pig-Default_1_13.jpeg,553,467,970,722,Pig
Pig-Default_1_14.jpeg,551,476,969,706,Pig
Pig-Default_1_15.jpeg,556,484,972,695,Pig
Pig-Default_1_16.jpeg,552,473,969,711,Pig
Pig-Default_1_17.jpeg,552,464,959,727,Pig
Pig-Default_1_18.jpeg,558,456,945,742,Pig
Pig-Default_1_19.jpeg,571,449,925,754,Pig
Pig-Default_1_20.jpeg,590,444,902,764,Pig
Pig-Default_1_21.jpeg,617,441,875,771,Pig
Pig-Default_1_22.jpeg,648,440,846,774,Pig
Pig-Default_1_23.jpeg,684,440,816,774,Pig
Pig-Default_1_24.jpeg,693,441,843,772,Pig
Pig-Default_1_25.jpeg,665,440,880,774,Pig
Pig-Default_1_26.jpeg,638,440,912,773,Pig
Pig-Default_1_27.jpeg,613,442,937,769,Pig
Pig-Default_1_28.jpeg,591,446,956,761,Pig
Pig-Default_1_29.jpeg,574,451,968,750,Pig
Pig-Default_1_30.jpeg,561,458,972,737,Pig
Pig-Default_1_31.jpeg,553,467,970,722,Pig
Pig-Default_1_32.jpeg,551,476,969,706,Pig
Pig-Default_1_33.jpeg,556,484,972,695,Pig
Pig-Default_1_34.jpeg,552,473,969,711,Pig
Pig-Default_1_35.jpeg,552,464,959,727,Pig
Pig-Default_2_0.jpeg,589,362,892,570,Pig
Pig-Default_2_1.jpeg,599,358,877,578,Pig
Pig-Default_2_2.jpeg,615,355,859,584,Pig
Pig-Default_2_3.jpeg,635,353,839,588,Pig
Pig-Default_2_4.jpeg,659,352,816,590,Pig
Pig-Default_2_5.jpeg,686,352,792,590,Pig
Pig-Default_2_6.jpeg,694,352,807,588,Pig
Pig-Default_2_7.jpeg,671,352,835,590,Pig
Pig-Default_2_8.jpeg,649,352,860,589,Pig
Pig-Default_2_9.jpeg,630,353,880,587,Pig
Pig-Default_2_10.jpeg,613,356,895,582,Pig
Pig-Default_2_11.jpeg,599,359,905,576,Pig
Pig-Default_2_12.jpeg,589,363,910,568,Pig
Pig-Default_2_13.jpeg,584,369,909,559,Pig
Pig-Default_2_14.jpeg,583,375,907,549,Pig
Pig-Default_2_15.jpeg,587,379,910,542,Pig
Pig-Default_2_16.jpeg,583,373,909,552,Pig
Pig-Default_2_17.jpeg,583,367,903,562,Pig
Pig-Default_2_18.jpeg,589,362,892,570,Pig
Pig-Default_2_19.jpeg,599,358,877,578,Pig
Pig-Default_2_20.jpeg,615,355,859,584,Pig
Pig-Default_2_21.jpeg,635,353,839,588,Pig
Pig-Default_2_22.jpeg,659,352,816,590,Pig
Pig-Default_2_23.jpeg,686,352,792,590,Pig
Pig-Default_2_24.jpeg,694,352,807,588,Pig
Pig-Default_2_25.jpeg,671,352,835,590,Pig
Pig-Default_2_26.jpeg,649,352,860,589,Pig
Pig-Default_2_27.jpeg,630,353,880,587,Pig
Pig-Default_2_28.jpeg,613,356,895,582,Pig
Pig-Default_2_29.jpeg,599,359,905,576,Pig
Pig-Default_2_30.jpeg,589,363,910,568,Pig
Pig-Default_2_31.jpeg,584,369,909,559,Pig
Pig-Default_2_32.jpeg,583,375,907,549,Pig
Pig-Default_2_33.jpeg,587,379,910,542,Pig
Pig-Default_2_34.jpeg,583,373,909,552,Pig
Pig-Default_2_35.jpeg,583,367,903,562,Pig
Pig-Default_3_0.jpeg,593,298,842,459,Pig
Pig-Default_3_1.jpeg,602,295,830,464,Pig
Pig-Default_3_2.jpeg,615,293,816,468,Pig
Pig-Default_3_3.jpeg,631,291,800,471,Pig
Pig-Default_3_4.jpeg,650,291,781,472,Pig
Pig-Default_3_5.jpeg,672,291,761,472,Pig
Pig-Default_3_6.jpeg,680,291,768,471,Pig
Pig-Default_3_7.jpeg,661,290,791,472,Pig
Pig-Default_3_8.jpeg,643,291,811,472,Pig
Pig-Default_3_9.jpeg,627,292,828,470,Pig
Pig-Default_3_10.jpeg,613,293,841,467,Pig
Pig-Default_3_11.jpeg,602,296,849,463,Pig
Pig-Default_3_12.jpeg,594,299,854,458,Pig
Pig-Default_3_13.jpeg,589,302,854,452,Pig
Pig-Default_3_14.jpeg,589,306,851,445,Pig
Pig-Default_3_15.jpeg,592,309,854,441,Pig
Pig-Default_3_16.jpeg,589,305,854,447,Pig
Pig-Default_3_17.jpeg,589,301,850,454,Pig
Pig-Default_3_18.jpeg,593,298,842,459,Pig
Pig-Default_3_19.jpeg,602,295,830,464,Pig
Pig-Default_3_20.jpeg,615,293,816,468,Pig
Pig-Default_3_21.jpeg,631,291,800,471,Pig
Pig-Default_3_22.jpeg,650,291,781,472,Pig
Pig-Default_3_23.jpeg,672,291,761,472,Pig
Pig-Default_3_24.jpeg,680,291,768,471,Pig
Pig-Default_3_25.jpeg,661,290,791,472,Pig
Pig-Default_3_26.jpeg,643,291,811,472,Pig
Pig-Default_3_27.jpeg,627,292,828,470,Pig
Pig-Default_3_28.jpeg,613,293,841,467,Pig
Pig-Default_3_29.jpeg,602,296,849,463,Pig
Pig-Default_3_30.jpeg,594,299,854,458,Pig
Pig-Default_3_31.jpeg,589,302,854,452,Pig
Pig-Default_3_32.jpeg,589,306,851,445,Pig
Pig-Default_3_33.jpeg,592,309,854,441,Pig
Pig-Default_3_34.jpeg,589,305,854,447,Pig
Pig-Default_3_35.jpeg,589,301,850,454,Pig
Moose-Default_0_0.jpeg,343,326,1136,959,Moose
Moose-Default_0_1.jpeg,357,317,1093,959,Moose
Moose-Default_0_2.jpeg,387,312,1045,959,Moose
Moose-Default_0_3.jpeg,435,308,992,959,Moose
Moose-Default_0_4.jpeg,500,306,938,959,Moose
Moose-Default_0_5.jpeg,581,307,899,959,Moose
Moose-Default_0_6.jpeg,641,309,993,959,Moose
Moose-Default_0_7.jpeg,588,307,1074,959,Moose
Moose-Default_0_8.jpeg,536,307,1138,959,Moose
Moose-Default_0_9.jpeg,488,309,1184,959,Moose
Moose-Default_0_10.jpeg,445,313,1211,959,Moose
Moose-Default_0_11.jpeg,407,320,1220,959,Moose
Moose-Default_0_12.jpeg,376,329,1214,959,Moose
Moose-Default_0_13.jpeg,354,340,1206,959,Moose
Moose-Default_0_14.jpeg,343,353,1220,959,Moose
Moose-Default_0_15.jpeg,345,363,1217,943,Moose
Moose-Default_0_16.jpeg,358,348,1200,959,Moose
Moose-Default_0_17.jpeg,344,336,1173,959,Moose
Moose-Default_0_18.jpeg,343,326,1136,959,Moose
Moose-Default_0_19.jpeg,357,317,1093,959,Moose
Moose-Default_0_20.jpeg,387,312,1045,959,Moose
Moose-Default_0_21.jpeg,435,308,992,959,Moose
Moose-Default_0_22.jpeg,500,306,938,959,Moose
Moose-Default_0_23.jpeg,581,307,899,959,Moose
Moose-Default_0_24.jpeg,641,309,993,959,Moose
Moose-Default_0_25.jpeg,588,307,1074,959,Moose
Moose-Default_0_26.jpeg,536,307,1138,959,Moose
Moose-Default_0_27.jpeg,488,309,1184,959,Moose
Moose-Default_0_28.jpeg,445,313,1211,959,Moose
Moose-Default_0_29.jpeg,407,320,1220,959,Moose
Moose-Default_0_30.jpeg,376,329,1214,959,Moose
Moose-Default_0_31.jpeg,354,340,1206,959,Moose
Moose-Default_0_32.jpeg,343,353,1220,959,Moose
Moose-Default_0_33.jpeg,345,363,1217,943,Moose
Moose-Default_0_34.jpeg,358,348,1200,959,Moose
Moose-Default_0_35.jpeg,344,336,1173,959,Moose
Moose-Default_1_0.jpeg,454,252,1044,779,Moose
Moose-Default_1_1.jpeg,468,247,1014,798,Moose
Moose-Default_1_2.jpeg,493,244,978,813,Moose
Moose-Default_1_3.jpeg,530,241,939,823,Moose
Moose-Default_1_4.jpeg,578,240,898,827,Moose
Moose-Default_1_5.jpeg,635,241,854,825,Moose
Moose-Default_1_6.jpeg,663,242,917,821,Moose
Moose-Default_1_7.jpeg,623,240,973,827,Moose
Moose-Default_1_8.jpeg,584,240,1020,826,Moose
Moose-Default_1_9.jpeg,547,242,1056,820,Moose
Moose-Default_1_10.jpeg,515,245,1079,808,Moose
Moose-Default_1_11.jpeg,488,249,1091,792,Moose
Moose-Default_1_12.jpeg,468,254,1091,772,Moose
Moose-Default_1_13.jpeg,455,261,1081,749,Moose
Moose-Default_1_14.jpeg,451,268,1089,725,Moose
Moose-Default_1_15.jpeg,456,274,1092,709,Moose
Moose-Default_1_16.jpeg,457,266,1084,733,Moose
Moose-Default_1_17.jpeg,451,258,1068,757,Moose
Moose-Default_1_18.jpeg,454,252,1044,779,Moose
Moose-Default_1_19.jpeg,468,247,1014,798,Moose
Moose-Default_1_20.jpeg,493,244,978,813,Moose
Moose-Default_1_21.jpeg,530,241,939,823,Moose
Moose-Default_1_22.jpeg,578,240,898,827,Moose
Moose-Default_1_23.jpeg,635,241,854,825,Moose
Moose-Default_1_24.jpeg,663,242,917,821,Moose
Moose-Default_1_25.jpeg,623,240,973,827,Moose
Moose-Default_1_26.jpeg,584,240,1020,826,Moose
Moose-Default_1_27.jpeg,547,242,1056,820,Moose
Moose-Default_1_28.jpeg,515,245,1079,808,Moose
Moose-Default_1_29.jpeg,488,249,1091,792,Moose
Moose-Default_1_30.jpeg,468,254,1091,772,Moose
Moose-Default_1_31.jpeg,455,261,1081,749,Moose
Moose-Default_1_32.jpeg,451,268,1089,725,Moose
Moose-Default_1_33.jpeg,456,274,1092,709,Moose
Moose-Default_1_34.jpeg,457,266,1084,733,Moose
Moose-Default_1_35.jpeg,451,258,1068,757,Moose
Moose-Default_2_0.jpeg,511,199,968,592,Moose
Moose-Default_2_1.jpeg,523,196,946,603,Moose
Moose-Default_2_2.jpeg,544,194,920,611,Moose
Moose-Default_2_3.jpeg,573,192,890,617,Moose
Moose-Default_2_4.jpeg,609,192,857,619,Moose
Moose-Default_2_5.jpeg,650,192,822,618,Moose
Moose-Default_2_6.jpeg,669,193,857,616,Moose
Moose-Default_2_7.jpeg,637,192,900,619,Moose
Moose-Default_2_8.jpeg,606,192,936,619,Moose
Moose-Default_2_9.jpeg,577,193,964,615,Moose
Moose-Default_2_10.jpeg,553,195,984,609,Moose
Moose-Default_2_11.jpeg,533,197,995,599,Moose
Moose-Default_2_12.jpeg,518,201,998,588,Moose
Moose-Default_2_13.jpeg,509,205,993,574,Moose
Moose-Default_2_14.jpeg,507,210,993,560,Moose
Moose-Default_2_15.jpeg,513,213,998,550,Moose
Moose-Default_2_16.jpeg,510,208,995,565,Moose
Moose-Default_2_17.jpeg,507,203,985,579,Moose
Moose-Default_2_18.jpeg,511,199,968,592,Moose
Moose-Default_2_19.jpeg,523,196,946,603,Moose
Moose-Default_2_20.jpeg,544,194,920,611,Moose
Moose-Default_2_21.jpeg,573,192,890,617,Moose
Moose-Default_2_22.jpeg,609,192,857,619,Moose
Moose-Default_2_23.jpeg,650,192,822,618,Moose
Moose-Default_2_24.jpeg,669,193,857,616,Moose
Moose-Default_2_25.jpeg,637,192,900,619,Moose
Moose-Default_2_26.jpeg,606,192,936,619,Moose
Moose-Default_2_27.jpeg,577,193,964,615,Moose
Moose-Default_2_28.jpeg,553,195,984,609,Moose
Moose-Default_2_29.jpeg,533,197,995,599,Moose
Moose-Default_2_30.jpeg,518,201,998,588,Moose
Moose-Default_2_31.jpeg,509,205,993,574,Moose
Moose-Default_2_32.jpeg,507,210,993,560,Moose
Moose-Default_2_33.jpeg,513,213,998,550,Moose
Moose-Default_2_34.jpeg,510,208,995,565,Moose
Moose-Default_2_35.jpeg,507,203,985,579,Moose
Moose-Default_3_0.jpeg,532,163,903,473,Moose
Moose-Default_3_1.jpeg,542,161,886,480,Moose
Moose-Default_3_2.jpeg,558,160,865,485,Moose
Moose-Default_3_3.jpeg,581,158,841,489,Moose
Moose-Default_3_4.jpeg,610,158,815,490,Moose
Moose-Default_3_5.jpeg,643,158,787,490,Moose
Moose-Default_3_6.jpeg,660,159,804,488,Moose
Moose-Default_3_7.jpeg,633,158,838,490,Moose
Moose-Default_3_8.jpeg,607,158,867,490,Moose
Moose-Default_3_9.jpeg,584,159,890,488,Moose
Moose-Default_3_10.jpeg,564,160,908,484,Moose
Moose-Default_3_11.jpeg,547,162,918,478,Moose
Moose-Default_3_12.jpeg,536,164,922,470,Moose
Moose-Default_3_13.jpeg,529,167,920,462,Moose
Moose-Default_3_14.jpeg,528,170,917,452,Moose
Moose-Default_3_15.jpeg,533,173,922,446,Moose
Moose-Default_3_16.jpeg,530,169,921,455,Moose
Moose-Default_3_17.jpeg,528,166,915,464,Moose
Moose-Default_3_18.jpeg,532,163,903,473,Moose
Moose-Default_3_19.jpeg,542,161,886,480,Moose
Moose-Default_3_20.jpeg,558,160,865,485,Moose
Moose-Default_3_21.jpeg,581,158,841,489,Moose
Moose-Default_3_22.jpeg,610,158,815,490,Moose
Moose-Default_3_23.jpeg,643,158,787,490,Moose
Moose-Default_3_24.jpeg,660,159,804,488,Moose
Moose-Default_3_25.jpeg,633,158,838,490,Moose
Moose-Default_3_26.jpeg,607,158,867,490,Moose
Moose-Default_3_27.jpeg,584,159,890,488,Moose
Moose-Default_3_28.jpeg,564,160,908,484,Moose
Moose-Default_3_29.jpeg,547,162,918,478,Moose
Moose-Default_3_30.jpeg,536,164,922,470,Moose
Moose-Default_3_31.jpeg,529,167,920,462,Moose
Moose-Default_3_32.jpeg,528,170,917,452,Moose
Moose-Default_3_33.jpeg,533,173,922,446,Moose
Moose-Default_3_34.jpeg,530,169,921,455,Moose
Moose-Default_3_35.jpeg,528,166,915,464,Moose
Fox-Default_0_0.jpeg,604,692,902,928,Fox
Fox-Default_0_1.jpeg,617,683,885,941,Fox
Fox-Default_0_2.jpeg,635,676,865,952,Fox
Fox-Default_0_3.jpeg,658,671,843,959,Fox
Fox-Default_0_4.jpeg,684,669,819,959,Fox
Fox-Default_0_5.jpeg,713,668,794,959,Fox
Fox-Default_0_6.jpeg,716,668,810,959,Fox
Fox-Default_0_7.jpeg,692,668,840,959,Fox
Fox-Default_0_8.jpeg,669,669,867,959,Fox
Fox-Default_0_9.jpeg,648,673,889,958,Fox
Fox-Default_0_10.jpeg,630,678,907,949,Fox
Fox-Default_0_11.jpeg,615,686,919,937,Fox
Fox-Default_0_12.jpeg,603,695,926,923,Fox
Fox-Default_0_13.jpeg,596,706,928,907,Fox
Fox-Default_0_14.jpeg,593,718,927,891,Fox
Fox-Default_0_15.jpeg,595,727,928,880,Fox
Fox-Default_0_16.jpeg,593,714,923,896,Fox
Fox-Default_0_17.jpeg,596,702,915,913,Fox
Fox-Default_0_18.jpeg,604,692,902,928,Fox
Fox-Default_0_19.jpeg,617,683,885,941,Fox
Fox-Default_0_20.jpeg,635,676,865,952,Fox
Fox-Default_0_21.jpeg,658,671,843,959,Fox
Fox-Default_0_22.jpeg,684,669,819,959,Fox
Fox-Default_0_23.jpeg,713,668,794,959,Fox
Fox-Default_0_24.jpeg,716,668,810,959,Fox
Fox-Default_0_25.jpeg,692,668,840,959,Fox
Fox-Default_0_26.jpeg,669,669,867,959,Fox
Fox-Default_0_27.jpeg,648,673,889,958,Fox
Fox-Default_0_28.jpeg,630,678,907,949,Fox
Fox-Default_0_29.jpeg,615,686,919,937,Fox
Fox-Default_0_30.jpeg,603,695,926,923,Fox
Fox-Default_0_31.jpeg,596,706,928,907,Fox
Fox-Default_0_32.jpeg,593,718,927,891,Fox
Fox-Default_0_33.jpeg,595,727,928,880,Fox
Fox-Default_0_34.jpeg,593,714,923,896,Fox
Fox-Default_0_35.jpeg,596,702,915,913,Fox
Fox-Default_1_0.jpeg,640,534,867,698,Fox
Fox-Default_1_1.jpeg,651,529,855,705,Fox
Fox-Default_1_2.jpeg,664,524,840,711,Fox
Fox-Default_1_3.jpeg,682,522,823,716,Fox
Fox-Default_1_4.jpeg,701,520,804,719,Fox
Fox-Default_1_5.jpeg,723,519,785,719,Fox
Fox-Default_1_6.jpeg,724,520,795,719,Fox
Fox-Default_1_7.jpeg,705,519,817,719,Fox
Fox-Default_1_8.jpeg,687,520,837,718,Fox
Fox-Default_1_9.jpeg,671,522,855,714,Fox
Fox-Default_1_10.jpeg,658,526,868,709,Fox
Fox-Default_1_11.jpeg,646,530,878,703,Fox
Fox-Default_1_12.jpeg,638,536,884,695,Fox
Fox-Default_1_13.jpeg,633,542,885,686,Fox
Fox-Default_1_14.jpeg,631,550,884,676,Fox
Fox-Default_1_15.jpeg,632,555,885,670,Fox
Fox-Default_1_16.jpeg,631,547,883,680,Fox
Fox-Default_1_17.jpeg,634,540,877,689,Fox
Fox-Default_1_18.jpeg,640,534,867,698,Fox
Fox-Default_1_19.jpeg,651,529,855,705,Fox
Fox-Default_1_20.jpeg,664,524,840,711,Fox
Fox-Default_1_21.jpeg,682,522,823,716,Fox
Fox-Default_1_22.jpeg,701,520,804,719,Fox
Fox-Default_1_23.jpeg,723,519,785,719,Fox
Fox-Default_1_24.jpeg,724,520,795,719,Fox
Fox-Default_1_25.jpeg,705,519,817,719,Fox
Fox-Default_1_26.jpeg,687,520,837,718,Fox
Fox-Default_1_27.jpeg,671,522,855,714,Fox
Fox-Default_1_28.jpeg,658,526,868,709,Fox
Fox-Default_1_29.jpeg,646,530,878,703,Fox
Fox-Default_1_30.jpeg,638,536,884,695,Fox
Fox-Default_1_31.jpeg,633,542,885,686,Fox
Fox-Default_1_32.jpeg,631,550,884,676,Fox
Fox-Default_1_33.jpeg,632,555,885,670,Fox
Fox-Default_1_34.jpeg,631,547,883,680,Fox
Fox-Default_1_35.jpeg,634,540,877,689,Fox
Fox-Default_2_0.jpeg,652,422,831,542,Fox
Fox-Default_2_1.jpeg,660,419,822,546,Fox
Fox-Default_2_2.jpeg,671,416,810,550,Fox
Fox-Default_2_3.jpeg,685,414,797,553,Fox
Fox-Default_2_4.jpeg,700,413,782,554,Fox
Fox-Default_2_5.jpeg,717,413,766,555,Fox
Fox-Default_2_6.jpeg,718,413,772,554,Fox
Fox-Default_2_7.jpeg,703,413,789,555,Fox
Fox-Default_2_8.jpeg,689,413,805,554,Fox
Fox-Default_2_9.jpeg,676,415,818,552,Fox
Fox-Default_2_10.jpeg,665,417,829,549,Fox
Fox-Default_2_11.jpeg,656,420,837,545,Fox
Fox-Default_2_12.jpeg,650,423,842,540,Fox
Fox-Default_2_13.jpeg,646,427,844,535,Fox
Fox-Default_2_14.jpeg,645,432,843,529,Fox
Fox-Default_2_15.jpeg,646,435,844,525,Fox
Fox-Default_2_16.jpeg,645,430,843,531,Fox
Fox-Default_2_17.jpeg,647,426,838,536,Fox
Fox-Default_2_18.jpeg,652,422,831,542,Fox
Fox-Default_2_19.jpeg,660,419,822,546,Fox
Fox-Default_2_20.jpeg,671,416,810,550,Fox
Fox-Default_2_21.jpeg,685,414,797,553,Fox
Fox-Default_2_22.jpeg,700,413,782,554,Fox
Fox-Default_2_23.jpeg,717,413,766,555,Fox
Fox-Default_2_24.jpeg,718,413,772,554,Fox
Fox-Default_2_25.jpeg,703,413,789,555,Fox
Fox-Default_2_26.jpeg,689,413,805,554,Fox
Fox-Default_2_27.jpeg,676,415,818,552,Fox
Fox-Default_2_28.jpeg,665,417,829,549,Fox
Fox-Default_2_29.jpeg,656,420,837,545,Fox
Fox-Default_2_30.jpeg,650,423,842,540,Fox
Fox-Default_2_31.jpeg,646,427,844,535,Fox
Fox-Default_2_32.jpeg,645,432,843,529,Fox
Fox-Default_2_33.jpeg,646,435,844,525,Fox
Fox-Default_2_34.jpeg,645,430,843,531,Fox
Fox-Default_2_35.jpeg,647,426,838,536,Fox
Fox-Default_3_0.jpeg,645,346,792,439,Fox
Fox-Default_3_1.jpeg,652,344,785,442,Fox
Fox-Default_3_2.jpeg,660,342,775,444,Fox
Fox-Default_3_3.jpeg,671,341,765,446,Fox
Fox-Default_3_4.jpeg,684,340,753,447,Fox
Fox-Default_3_5.jpeg,697,340,740,447,Fox
Fox-Default_3_6.jpeg,700,340,741,447,Fox
Fox-Default_3_7.jpeg,688,340,755,447,Fox
Fox-Default_3_8.jpeg,676,340,768,447,Fox
Fox-Default_3_9.jpeg,665,341,779,446,Fox
Fox-Default_3_10.jpeg,656,342,788,444,Fox
Fox-Default_3_11.jpeg,649,344,795,441,Fox
Fox-Default_3_12.jpeg,643,347,800,438,Fox
Fox-Default_3_13.jpeg,640,350,801,434,Fox
Fox-Default_3_14.jpeg,639,353,801,430,Fox
Fox-Default_3_15.jpeg,640,355,801,428,Fox
Fox-Default_3_16.jpeg,639,352,801,432,Fox
Fox-Default_3_17.jpeg,641,349,797,435,Fox
Fox-Default_3_18.jpeg,645,346,792,439,Fox
Fox-Default_3_19.jpeg,652,344,785,442,Fox
Fox-Default_3_20.jpeg,660,342,775,444,Fox
Fox-Default_3_21.jpeg,671,341,765,446,Fox
Fox-Default_3_22.jpeg,684,340,753,447,Fox
Fox-Default_3_23.jpeg,697,340,740,447,Fox
Fox-Default_3_24.jpeg,700,340,741,447,Fox
Fox-Default_3_25.jpeg,688,340,755,447,Fox
Fox-Default_3_26.jpeg,676,340,768,447,Fox
Fox-Default_3_27.jpeg,665,341,779,446,Fox
Fox-Default_3_28.jpeg,656,342,788,444,Fox
Fox-Default_3_29.jpeg,649,344,795,441,Fox
Fox-Default_3_30.jpeg,643,347,800,438,Fox
Fox-Default_3_31.jpeg,640,350,801,434,Fox
Fox-Default_3_32.jpeg,639,353,801,430,Fox
Fox-Default_3_33.jpeg,640,355,801,428,Fox
Fox-Default_3_34.jpeg,639,352,801,432,Fox
Fox-Default_3_35.jpeg,641,349,797,435,Fox
Deer-Default_0_0.jpeg,594,507,924,942,Deer
Deer-Default_0_1.jpeg,606,501,907,955,Deer
Deer-Default_0_2.jpeg,623,496,887,959,Deer
Deer-Default_0_3.jpeg,646,493,864,959,Deer
Deer-Default_0_4.jpeg,671,491,839,959,Deer
Deer-Default_0_5.jpeg,699,491,813,959,Deer
Deer-Default_0_6.jpeg,704,492,835,959,Deer
Deer-Default_0_7.jpeg,680,491,866,959,Deer
Deer-Default_0_8.jpeg,658,492,893,959,Deer
Deer-Default_0_9.jpeg,638,494,915,959,Deer
Deer-Default_0_10.jpeg,620,497,931,959,Deer
Deer-Default_0_11.jpeg,605,503,942,951,Deer
Deer-Default_0_12.jpeg,594,509,946,937,Deer
Deer-Default_0_13.jpeg,588,517,945,922,Deer
Deer-Default_0_14.jpeg,588,527,943,905,Deer
Deer-Default_0_15.jpeg,592,534,946,894,Deer
Deer-Default_0_16.jpeg,588,524,944,911,Deer
Deer-Default_0_17.jpeg,588,515,936,927,Deer
Deer-Default_0_18.jpeg,594,507,924,942,Deer
Deer-Default_0_19.jpeg,606,501,907,955,Deer
Deer-Default_0_20.jpeg,623,496,887,959,Deer
Deer-Default_0_21.jpeg,646,493,864,959,Deer
Deer-Default_0_22.jpeg,671,491,839,959,Deer
Deer-Default_0_23.jpeg,699,491,813,959,Deer
Deer-Default_0_24.jpeg,704,492,835,959,Deer
Deer-Default_0_25.jpeg,680,491,866,959,Deer
Deer-Default_0_26.jpeg,658,492,893,959,Deer
Deer-Default_0_27.jpeg,638,494,915,959,Deer
Deer-Default_0_28.jpeg,620,497,931,959,Deer
Deer-Default_0_29.jpeg,605,503,942,951,Deer
Deer-Default_0_30.jpeg,594,509,946,937,Deer
Deer-Default_0_31.jpeg,588,517,945,922,Deer
Deer-Default_0_32.jpeg,588,527,943,905,Deer
Deer-Default_0_33.jpeg,592,534,946,894,Deer
Deer-Default_0_34.jpeg,588,524,944,911,Deer
Deer-Default_0_35.jpeg,588,515,936,927,Deer
Deer-Default_1_0.jpeg,635,387,883,707,Deer
Deer-Default_1_1.jpeg,644,384,871,714,Deer
Deer-Default_1_2.jpeg,656,381,856,720,Deer
Deer-Default_1_3.jpeg,672,379,839,724,Deer
Deer-Default_1_4.jpeg,691,378,820,726,Deer
Deer-Default_1_5.jpeg,713,378,799,726,Deer
Deer-Default_1_6.jpeg,715,379,813,724,Deer
Deer-Default_1_7.jpeg,696,378,836,726,Deer
Deer-Default_1_8.jpeg,679,378,856,725,Deer
Deer-Default_1_9.jpeg,664,379,872,723,Deer
Deer-Default_1_10.jpeg,651,382,885,718,Deer
Deer-Default_1_11.jpeg,640,385,893,712,Deer
Deer-Default_1_12.jpeg,633,389,897,704,Deer
Deer-Default_1_13.jpeg,629,393,897,696,Deer
Deer-Default_1_14.jpeg,629,399,894,686,Deer
Deer-Default_1_15.jpeg,632,403,898,680,Deer
Deer-Default_1_16.jpeg,628,397,896,689,Deer
Deer-Default_1_17.jpeg,629,392,891,699,Deer
Deer-Default_1_18.jpeg,635,387,883,707,Deer
Deer-Default_1_19.jpeg,644,384,871,714,Deer
Deer-Default_1_20.jpeg,656,381,856,720,Deer
Deer-Default_1_21.jpeg,672,379,839,724,Deer
Deer-Default_1_22.jpeg,691,378,820,726,Deer
Deer-Default_1_23.jpeg,713,378,799,726,Deer
Deer-Default_1_24.jpeg,715,379,813,724,Deer
Deer-Default_1_25.jpeg,696,378,836,726,Deer
Deer-Default_1_26.jpeg,679,378,856,725,Deer
Deer-Default_1_27.jpeg,664,379,872,723,Deer
Deer-Default_1_28.jpeg,651,382,885,718,Deer
Deer-Default_1_29.jpeg,640,385,893,712,Deer
Deer-Default_1_30.jpeg,633,389,897,704,Deer
Deer-Default_1_31.jpeg,629,393,897,696,Deer
Deer-Default_1_32.jpeg,629,399,894,686,Deer
Deer-Default_1_33.jpeg,632,403,898,680,Deer
Deer-Default_1_34.jpeg,628,397,896,689,Deer
Deer-Default_1_35.jpeg,629,392,891,699,Deer
Deer-Default_2_0.jpeg,648,304,842,549,Deer
Deer-Default_2_1.jpeg,655,301,833,553,Deer
Deer-Default_2_2.jpeg,665,300,821,556,Deer
Deer-Default_2_3.jpeg,677,298,808,559,Deer
Deer-Default_2_4.jpeg,692,298,793,560,Deer
Deer-Default_2_5.jpeg,709,298,777,560,Deer
Deer-Default_2_6.jpeg,711,298,785,559,Deer
Deer-Default_2_7.jpeg,696,298,802,560,Deer
Deer-Default_2_8.jpeg,682,298,818,560,Deer
Deer-Default_2_9.jpeg,670,299,831,558,Deer
Deer-Default_2_10.jpeg,660,300,841,555,Deer
Deer-Default_2_11.jpeg,651,302,848,552,Deer
Deer-Default_2_12.jpeg,646,305,851,547,Deer
Deer-Default_2_13.jpeg,643,308,852,542,Deer
Deer-Default_2_14.jpeg,643,311,849,536,Deer
Deer-Default_2_15.jpeg,645,313,852,532,Deer
Deer-Default_2_16.jpeg,643,310,852,538,Deer
Deer-Default_2_17.jpeg,644,306,848,543,Deer
Deer-Default_2_18.jpeg,648,304,842,549,Deer
Deer-Default_2_19.jpeg,655,301,833,553,Deer
Deer-Default_2_20.jpeg,665,300,821,556,Deer
Deer-Default_2_21.jpeg,677,298,808,559,Deer
Deer-Default_2_22.jpeg,692,298,793,560,Deer
Deer-Default_2_23.jpeg,709,298,777,560,Deer
Deer-Default_2_24.jpeg,711,298,785,559,Deer
Deer-Default_2_25.jpeg,696,298,802,560,Deer
Deer-Default_2_26.jpeg,682,298,818,560,Deer
Deer-Default_2_27.jpeg,670,299,831,558,Deer
Deer-Default_2_28.jpeg,660,300,841,555,Deer
Deer-Default_2_29.jpeg,651,302,848,552,Deer
Deer-Default_2_30.jpeg,646,305,851,547,Deer
Deer-Default_2_31.jpeg,643,308,852,542,Deer
Deer-Default_2_32.jpeg,643,311,849,536,Deer
Deer-Default_2_33.jpeg,645,313,852,532,Deer
Deer-Default_2_34.jpeg,643,310,852,538,Deer
Deer-Default_2_35.jpeg,644,306,848,543,Deer
Deer-Default_3_0.jpeg,642,247,800,444,Deer
Deer-Default_3_1.jpeg,647,246,793,447,Deer
Deer-Default_3_2.jpeg,655,245,784,449,Deer
Deer-Default_3_3.jpeg,665,244,773,451,Deer
Deer-Default_3_4.jpeg,677,244,761,452,Deer
Deer-Default_3_5.jpeg,691,244,748,452,Deer
Deer-Default_3_6.jpeg,694,244,751,451,Deer
Deer-Default_3_7.jpeg,682,244,765,452,Deer
Deer-Default_3_8.jpeg,670,244,778,451,Deer
Deer-Default_3_9.jpeg,660,244,788,450,Deer
Deer-Default_3_10.jpeg,652,245,797,449,Deer
Deer-Default_3_11.jpeg,645,246,803,446,Deer
Deer-Default_3_12.jpeg,640,248,806,443,Deer
Deer-Default_3_13.jpeg,638,250,807,440,Deer
Deer-Default_3_14.jpeg,638,252,805,436,Deer
Deer-Default_3_15.jpeg,640,254,807,433,Deer
Deer-Default_3_16.jpeg,638,251,807,437,Deer
Deer-Default_3_17.jpeg,638,249,804,441,Deer
Deer-Default_3_18.jpeg,642,247,800,444,Deer
Deer-Default_3_19.jpeg,647,246,793,447,Deer
Deer-Default_3_20.jpeg,655,245,784,449,Deer
Deer-Default_3_21.jpeg,665,244,773,451,Deer
Deer-Default_3_22.jpeg,677,244,761,452,Deer
Deer-Default_3_23.jpeg,691,244,748,452,Deer
Deer-Default_3_24.jpeg,694,244,751,451,Deer
Deer-Default_3_25.jpeg,682,244,765,452,Deer
Deer-Default_3_26.jpeg,670,244,778,451,Deer
Deer-Default_3_27.jpeg,660,244,788,450,Deer
Deer-Default_3_28.jpeg,652,245,797,449,Deer
Deer-Default_3_29.jpeg,645,246,803,446,Deer
Deer-Default_3_30.jpeg,640,248,806,443,Deer
Deer-Default_3_31.jpeg,638,250,807,440,Deer
Deer-Default_3_32.jpeg,638,252,805,436,Deer
Deer-Default_3_33.jpeg,640,254,807,433,Deer
Deer-Default_3_34.jpeg,638,251,807,437,Deer
Deer-Default_3_35.jpeg,638,249,804,441,Deer
